{
  "test_time": "2026-03-29T16:24:11.316993",
  "sources": [
    "bjx",
    "cnnes"
  ],
  "sequential": {
    "duration": 0.1655886173248291,
    "items": 106
  },
  "parallel": {
    "duration": 0.08559799194335938,
    "items": 106,
    "max_workers": 2
  },
  "improvement": {
    "speedup": 1.9344918445563528,
    "time_saved": 0.07999062538146973,
    "percentage": 48.30683815938571
  }
}